CorporationId,bonusEnd,percent
41cdba59897d5e01412601b648c1a692368d92c198123f9ab442f2a23464b375,1791321541,52
ec0d7f12f69610e8f68f4ea0af9698755a0a1435e0845c27c47fcbec0b1b672a,1791319766,38
1ece3c742f5a63f10019098583abc17ef0a392394933e56e5c657f4f0b920820,1791319738,44
a431d861cc482b6d8a14ad232be53d1c5acccfa568e817670a7275aa0f0bad54,1791317936,30
e7374c31c95ba96f5c59c7c1de632517dd4cec2d4680e25e7f34d077133e4d4f,1791317065,52
a075d54242806374b2fc020c48e0e4ab4077ac72faeeae7568400e0e48790289,1791316434,56
0a3e9116062accf6fa5ec0e70eab7592dbea2a9f061e6cc49e74bc78f74d0711,1791316134,44
ac1ddcbbd45ccdfa74185d7f40b3a67b0b5b477f7b0bd6f3d7a5a7821ee55bdd,1791314932,50
ef64e9014b773074470ead0907b9c122bf6bda753de1cddfa01e95a00e9d47dc,1791308622,54
128149aefc384d482d0f002d83f9c9a08c89dec768584030fc4585ea50d2f774,1791304115,46
0bb74a94853e3ab96f3ca32d214b5fd677a1fb87db48d8a833d8a279ee6b33d3,1791299308,36
7692df8056cb0736bfc429336e43c74a12d3a237305a08cef10617650dc020db,1791295101,50
e80002cbc38034342376acee2274117d3b6150fce2d47bbd1dbf75cd06d8e258,1791292397,52
888c6867d19667e4ed2d1c33723960d52d5f92fd8a93eb6ff380d218604939fb,1791286088,56
659c9483e8d58c64c3232eaad0b4f15ed93734dd2bef77a111251a4360163e55,1791285487,34
ddf212167e61a225a1554a76a8956a044f72afa9eb2fd239661f8740ba008f92,1791284286,40
19925189a09925ee428220f600fcf721d71905103c1af9e2aa8e7e3b171a1a38,1791277077,48
5e23ade08a63b2c440a6a4c1a9ecfb6b1cfca34523c1a528d075bd06eaf5d019,1791276476,40
e801d288bf6d95e9705e8f7d791fdcb030abe8bebaf2980bc32fb453f95575d7,1791271670,46
f78adf8daad3bc332d628d2ff252182fb5e0dd48f5fa2c02220fd3c3ecc856bb,1791265363,36
b908aab2a29dfae88b897ba94f2fa7e506dd2c754e2fbc8389b8d54e22382557,1791259656,32
48dd63558cbd127dff205a3b4ae83bcd3885cf35d1797c558dd1ec0339e04264,1791252749,38
e8532ebca58cb402f027fdb3db24507799f38a7123ef124fae8ab7591dac77bd,1791249145,56
4eeaf112dd9983e997c8c9ec43e562763a8cd4a95f268b4bfeee5e39934f01de,1791248244,52
54eb675d1e22011c21e5b0f2b026934ea19913b030c65570d1e1473693d4364c,1791247943,42
86a894b97d55e4f65a3cec65d26d528341d8e70b186bcffa2e89f5f681e48396,1791246142,48
7e12fd0fd0a01af1c797f73316b305a21078e46bd75758850438f20357276ebf,1791242237,40
245570bf3017ea0f1817668a227abc12ee58025af3539a77e59b0bc0bbd1be10,1791239234,40
fc3e5142b08821a025c19f7e687a2ba97cc1e728d81555f077feb04f3839c4a0,1791235629,52
8090de72c41a6255b4ffbcbfc8d591d6972c059836eabe4f57ce55a28dfb41fb,1791217900,40
430376e86f786afe6d4201e70b5fd09f2cdd41ca6d81ee693737e3361c06a1f4,1791217600,56
6f9fa67d0699c2b71d30145d66e2765594c160992a9fe79a3fb0738eaab2e78c,1791217600,42
e75857448fb1e8d620c964ec4abe23f7e07374a4a70fde79f655862152e8f428,1791210990,60
910f3de039463150a8be5828e846a65c435f5ee4a5ae8ec2d27ab040614e5aa8,1791203177,36
f0fadd303b5cb5e09aa473359c0f11f4e077acf35ab94cef2c850d3fa8162e81,1791203177,40
a27767cf8d4e8b2930810afa2fce8a73f0d2d633033a0302f931b7fdde31f780,1791199571,32
15bb6468a62584f5281a81614dde743b4bbf2196289e4c346da53f96e2e140c1,1791190261,52
41f8b97252e726479ff8185f5f3be080a7d6b63477dd248727e2a7355c9f3807,1791189360,36
99a4ba88f6a620cb9ea1da456127c978a858ffbda4e40b255fcf3365515da25d,1791187858,46
c9ffc70c2dcbfe9eaa3387645d404d9227b173de066bf09e0493d83aa4c9f053,1791185155,46
a5ca891aa2a7441fd3106ee6f2745eecd8e3573d5f10eab62da06e82a22b1e3a,1791182818,40
9e0cb5f9ee7451cf8b55ed7f18717a42c7b58995a2717b83f6f98b7872b38e3f,1791173142,50
39833a864277b04f9bad126a54a03bfa2c9f9473d3e504b3579cbdc18a4d7e75,1791170439,46
1663ae68266882a1c09b5a4e5a16b97770e86390b7af7bcfc66b46213334a3a2,1791163961,50
c85dd45ed75136d750bdcc2d83740494dea9e0ba077eac1bbb2f1a442a92674c,1791163530,42
6d595623b3ba17629ed70438d85d84622ba49e733e5d6d57765a9e0a477dfc81,1791147308,48
1511bcf209c9d65c3db8fce158834ee0365899e8a765df9554b7606eb92b1df1,1791145744,36
86135933491fcabc312904612bdca55124f9265aa6a5f3cb42f66427020fdb0b,1791144904,50
517f7b257f68936f7a95a478d6923776a2549b88897bae628fd35b23572d3cbd,1791143701,56
7ae9b210fd68f3dfa93682a1191388e569dc54fe9d762f02110cd7ac9c1d4477,1791140695,48
44e91582df527f0e9d3977b4c713db38b9c73a98e95ba353eccdcc601e64d027,1791136788,52
2b852290b8f1d765b15529c7bac7b9b7eacc3ca4f427cbed0a24b2ddfde359e6,1791126873,44
d250101b49e076429c32c0592d9e908708353313c2a00ad7d540a9fe533418d7,1791126573,30
f1b3865c7668756b1a2dc032cb0ee5a2a07a5fde35aca815f984551e08d92e09,1791126457,34
b44d9d872fc500197dc86de9d5038463acd771333da46a48b5b55cd33baea1cf,1791125972,38
61bb19b2ab1d13a5831808e0f06d417d74a87fc04d235e3ec7c429f89693465b,1791125972,50
45fc2bf2d1b40361071590e427fa47116d4e5e063064d17ed9933bbd61f04369,1791122967,52
72dcb83d090873cff1d27d191205e6a484c8c5b057f4b55f138e631f33037248,1791122366,48
7ddbb3c057311d12ecc582b5767dc061653f6b7769ea81f82c752ec258aff6cc,1791120564,56
1be720217ab52db12c48c73fc6d02f0cd66130efe05373dd97926fac3992557d,1791118160,52
956fd97c2d6b7d9dc5c9859f2ca6e43bfdff0036065408f26bdd4bb179173499,1791116959,34
844f43d1959cce8e1bba67fe4a0ed6530d5b72b4525ad44c013a81bfcf085d69,1791115457,30
a20c33fde0e22f233751afa964d0f757272611f5c99571ee868114b55dcc6f26,1791110694,26
b6e23a3f1f3a3c735c694624b273dcd7da2f8bd13a5ac2b36a8ad39737b1d062,1791108547,54
61696db57416971a365d3034c85eb5815c9ff04c0fbe5fa4be99689883df54af,1791106445,50
e48335447f7a1ed2d2b87288c64986b3b102832a63554ad0696cdd39ac349b0f,1791105244,28
920537bbdadc8e0f3ba0a5bf70b777bf8ca14cde8723f0364eb0a6c3a93eb685,1791102240,38
99c45cb17fdcbf89bf806b294ebe42a042ff774e913c216800fb7b1435d255a1,1791099237,42
6db23201f00670abe532f02a8fc28e109f95d673ef31ca1df7362c0a6c45dd2f,1791099087,38
5d09edd698e4bd37f80fdeb19605360b985df7035b132f7cf4749dd1390098a9,1791098936,46
d29949a00f7b1588ef5b9c7b7ca61c20fad0439b4d887721f32fbe9f018e11f1,1791094731,46
b2358fac70c7c1072563046f11245b78c51ec7b9bdf54e329487b89dfa60c371,1791090527,36
abf961b1887178d13f39fe99cedf32d0ce4a826f9088c36c6c7e68eb4d61337c,1791088424,40
44d9c6eeca8ee3bf778e4151cd31aa5ac12fb892236081fc3d7d09271a821f2b,1791088124,34
9291f24e53a2d2d23f3f2fa934a9db2247ebfc94e3a48666dbdf0e2d160c4cfd,1791084820,54
0b1ce787fadd83433c02fb7f56a905ea64f918c1396ac37b8591891adf232eb6,1791081119,42
8c9069f3ec3e766d51d76851b0d21a0fb065a026e597cfebc7d8cc8cbf2b998f,1791074608,50
ca874c061d1c3941f5931bd0b184d1c32396462f0fad4751e2ae5a9b15b188e5,1791065598,32
457b7f76314e0ee24752aaf2396afac9027cfbdcca2a9863add962250ccbf389,1791061691,50
0ab98cd1f1b195397b27360ea0dee2527f1504c9f5d4867e719d6f1f73efb01d,1791059888,56
d8104c7dc7af4c8fec4c36c1425f9fe855a195bf4befb2595cad4f8f7bed7ddc,1791051472,56
ab9c3038dcf2b019ba662007ab1e50b2d80e0eb8e7a65e57dd5260a6d2e80ff9,1791049970,42
00af6c9318ddf16a1bb684310776fee9681a22f01c1649941b799556a0bb6fb6,1791046064,42
8baae55a77459dfc0d840ef22d35c24b537c2d3a6945acd6c97a9757149a4f02,1791044262,36
b698cd0d86be60954a4b995f79fffe102a71c350e47fbdc2a5827f0ed0ca455d,1791041858,58
918db816bc1bb29c5cb1854a5a67b1b240f8835af6f1e584db7fb7070884e346,1791041559,42
7741dbd0c9e7ddbc162e374691cb3346e4bb6600840f7962ec4a4414d5d2f780,1791037651,50
13a4b881c81a63721b98078aeed9b4970eae55034b2a55cb345dc7a8fb2ff541,1791036750,42
1c092f1b0e9645193eac68e27b29b2b9fef39474fd8924495abec6754857a8f9,1791035548,44
96c96cc4b7bf2a41675990223afab3b7be9450dccd7d3cf7572a3991caa73a5f,1791034647,52
eee919ee67cd5b7eb62548219cd7981660ab85d08ab0fe23b83f1849ca6cf8c6,1791032242,52
1da0142a6cc2fcab35a82ff4d7b591f4ffa96761419c6bf39154afded7ef7c2d,1791028937,40
84ca35f0e6e24150613333f78670b8bb6e27010a69920dd6ee7cf671087a3976,1791028036,38
068cec010bfee0723895562d4bf580b93628758a762b6918d384fef632d281ab,1791026534,52
6a41cc36abf3a28a1c26bc22843f1892d6938e8eb1e8f8a10fd9e6e964e06c2c,1791025032,44
3ff4602678e19275d9891fa0d9d34ecd5b9bfaf88bb39e35b30372cac2981a40,1791024731,54
3a4286c6f512d1e0b6d9866b1a1bb0f29abc36fd4a82b7b2cb39df192fce125d,1791024731,58
49560c57406a9c76f00beab7cdbacba9ac9f781243bd9d30d3db9fb112bad738,1791019396,44
051a82098a716580383e9ab0d025dd67a8e7ad93da00f1610c449a784f3dc825,1791014219,50
1621eab3bcc1ebffe496faadcde81cd31c503b2ac667ef88fbf2d64ea1f9908b,1791008813,58
eecda71374dad3401a154cda170518bbf578f7124c194849a529405246335626,1791004117,46
56abc2a100d670fdde4dc7a34a284d429a863f45d8807422ae338faf806c81b9,1791002205,38
099d8a6a1a96f71e6880717b00f60408e602eee4a4c37ddab363966664b099f9,1791000403,36
74b60d3e331a6a56ea4d17f4444f02a50808c013285ee0e0ccd54e4594e5e11b,1790998601,58
761820b9c8f9e63f72ef9be1fbc4daf3c32b67c035b595bb61876aaa40528c53,1790996924,30
16a4fe26591408a3f2128646e96c5ec1f82feb35f1f9743aebd2dae05095d2ed,1790992647,32
a90638cb4761b5ed889376762f6612c65407072ac9befa4530989c338be72862,1790986288,36
0fc8f143030ba76b5b5343015a7791fee2deabc1a3982096304acf6f4956ecdd,1790982686,50
28f06b2ed8c2d55fe437095ed09cf6559986f0bb3ea5ff99509341b5dbf04d65,1790982685,54
e667e116808de19118853c1729815a3431a83531f951514ab8aa77a345cc8e40,1790977879,44
a76c018111dc02509e226bf5a45681157183211b818114c21fe78c1f30609eec,1790970419,32
3926c7dd9f82737737ee85bc4f013285cb75f1ef90f5bf4822bf624616570764,1790968564,42
f9c3b5fe54cb33985284a6fe5351ab51fb691af909a2172570ee549050a93af2,1790965258,42
05ada6d14c0c53422b434d3d55b1440370f85e96f93c74992cb8c4eb8f5503ba,1790961953,52
9ddbd46282a5ceb0dad9e05cf8434a9afe6398c4d2f3a4d54113fa6298ae6f2d,1790960620,38
862e97c5edefda9591478c11e2d99c48c2f37740e56655e0ef0a9c583ade4507,1790958133,36
8d4aad97eccabbf26608245f090064005878474e1712d6b08f7328df6075450d,1790955757,48
55caab6fc860d293950fbff3b0ec848a38a19bea2c3c637c110790f7cb8706e5,1790942725,34
779114322d677f05c7451cf2323327bd6ff62ec9513ba922e38578b0813f3bad,1790940621,46
51e15fbc5cac63db4605c53b829e428f5ca107bf2e06f1208beaeab3b84102b4,1790935815,28
c301e344c877e869eedde9888fe0c1444bdf2c7c7750699fdf80745b983795a2,1790929808,46
c9e8ef79747025d87acfcacbae38ece23cad9cc7da1d7e440fe4dc1419e6d374,1790929207,38
02293e0ec2e4f96dcdcf4551de1cfa6a278a4c53ac62e80c4212912fa4eda15b,1790928306,52
58ce9bed114bde298d77f20adf5584e22292e24f89dd59298051b01d66212ad4,1790916291,32
5fcb133e23f1fc536e7a6e39d93263f8fba2f6a425cf65ae9afc1d7da4d3fc5b,1790915089,34
ea5fb17c8fcf67a15bd5a194549206adba2279a79973a34bcfd0abb1e3cf9107,1790911185,60
f5825bb96dc9d061496fcea5926a16ba159a26ccd5518f8e63583c52fb68dd29,1790886856,50
4f76f07e3376e9848983a4effbb2deca1f3d4602a1ed8c0346183dc7a589c40a,1790883478,32
3b143b6fd40ce6bbe0369e63a8c4466f2baa4f5346d0bbfc8b9407e58d466763,1790881856,38
1723dea490699d1ea8c63e03979aef391a21033bf22d9836452a37542cfc238e,1790881146,44
65faf5c743dd419a1573d1c665f229a41f1724e27d160e5d2b01a4417a707e0e,1790878741,52
e16f59927214f5305835d80bd094d95754b0d02e26d6b4e3f6b654688cc48dad,1790871831,38
9d8f3705cfb7a51ea635285d0069c819d598b63819bffe518ea3c5da7b329573,1790867014,38
312c90cac9a249b2179da8891f78c1a90bd16d0bf3391509d6a3d8e9a35a3d36,1790863418,46
b9cbe11f1e67c4fe116f0b88f6a09cd820c689366a96b35d8393a6ef34b8558f,1790863118,48
11f1e8a4d522eaef8cb40c95d07b4533097aa6509ddafd1d7efc1449e8b10f38,1790855006,42
430f8aef7e43dd238fa2cfd7551a778be7d5dfabeac7858dd425f605aa523ba6,1790855006,30
f9369c5d0313006c708d7e7b381841b0c32aecff0b1ef5c0d074c1a3b0a4ed55,1790852603,40
4d36e1b3853444f7789e6142230ba93f3968baffc18bfad598c3d450c6b247e2,1790837884,34
c2982821577254a4ce2d996f53a2391f6f059ff79bbb14c29f9463269b4beebf,1790837283,46
e81af8fe50f976167d2ea644004ff2e4c9ce0e7b399b754c06c4c831934842fd,1790834579,32
6f715653bec3925d9c3acd7c2388fe8e1c79332146894ed424f57bd2636de8c7,1790825269,44
ca5552c1a800772ddb6671c92cdaed340e0dcac55d22809ed72c1ead2a701c2d,1790821965,48
b5f1a7f43d35b5d315ce93e286f24b8d9f23f789fff4060b86dde4c8eecbbbd2,1790809541,26
1c4cfbcf7902769aff100297d9174153f4c0528ed07918ba494f763a1315ffc6,1790803941,44
03386ec0080aee6d7af1877f35b017855540984073077164c8d3ac4203042630,1790803040,34
5d195a83bdec92e83e1f97ed8b05b35254ade000cd6ca979b81921c702b34a23,1790796127,50
02f7ac2b406e46cbb3e1f7fa3a0fb0dc2c32f9bc8afc54c299cd54757463ddbe,1790789516,36
e97866623598a98454b3a4724b472dc171f5e1aff84b076c43d021f0fabdc702,1790789216,42
a04890160268d05cf11f997b0a1c724fbbcfa66b2ea4cb1c4b56ca18d0425d62,1790786512,50
932e5b765751f58f44617f33980535a067e92530b0243b0a983daa4f45dc03fc,1790783808,36
97748c176e12f022cd0dc7253a1c70aac71ef0e421870edf4555e20d70aa9716,1790781704,44
ac4e1665a51bdd039d04798e56c3bd85b526c57cf7015fd400b6c8d8ccd959a3,1790780803,46
7c45af82d66043c66506eb4f3b86ac2c5fcebc203b105f592257702772a4ba91,1790763679,28
a61dc2c639a91f5b725d43d306ba2eebe1770c92499d7d92086b7a097f939c0d,1790761276,42
874716e0cba92e65a541f6751246b0fa1d503d7ee2b00dcde1ab424af30190be,1790731243,38
89fafb53a61f953c8bebb3561eff93b17078a70e95630788dd4b6d1c02794b37,1790730943,32
